[
    {
        "dist": 2,
        "_type": "double",
        "pin": "1234",
        "usePin": true,
        "jobs": [],
        "_textCoords": {
            "y": -981.9263305664064,
            "x": 434.7247924804688,
            "z": 30.88452339172363
        },
        "_doorsDouble": [
            {
                "heading": 270.0,
                "model": -1215222675,
                "coords": {
                    "y": -980.618408203125,
                    "x": 434.7478637695313,
                    "z": 30.83926391601562
                }
            },
            {
                "heading": 269.6133422851563,
                "model": 320433149,
                "coords": {
                    "y": -983.215087890625,
                    "x": 434.7478637695313,
                    "z": 30.83926391601562
                }
            }
        ]
    },
    {
        "doorCoords": {
            "y": -1636.0701904296876,
            "x": 391.8601684570313,
            "z": 29.97437667846679
        },
        "_type": "normal",
        "_textCoords": {
            "y": -1635.61279296875,
            "x": 392.1858520507813,
            "z": 29.44690895080566
        },
        "_doorModel": -1156020871,
        "usePin": false,
        "dist": 2,
        "pin": "",
        "_heading": 49.55752944946289,
        "jobs": [
            "police"
        ],
        "useitem": false,
        "item": ""
    },
    {
        "doorCoords": {
            "y": -1607.3853759765626,
            "x": 397.8831481933594,
            "z": 28.33814430236816
        },
        "_type": "slide",
        "_textCoords": {
            "y": -1610.3355712890626,
            "x": 401.3990173339844,
            "z": 29.31882095336914
        },
        "item": "",
        "usePin": false,
        "dist": 2,
        "pin": "",
        "_heading": 140.0000152587891,
        "jobs": [
            "police"
        ],
        "useitem": false,
        "_doorModel": 1286535678
    },
    {
        "pin": "",
        "_type": "double",
        "_textCoords": {
            "y": -1607.0872802734376,
            "x": 369.2450256347656,
            "z": 29.47823905944824
        },
        "usePin": false,
        "jobs": [
            "police"
        ],
        "dist": 2,
        "_doorsDouble": [
            {
                "heading": 49.79829406738281,
                "model": -2023754432,
                "coords": {
                    "y": -1608.22314453125,
                    "x": 368.2267456054688,
                    "z": 29.45376586914062
                }
            },
            {
                "heading": 230.0,
                "model": -2023754432,
                "coords": {
                    "y": -1606.2369384765626,
                    "x": 369.8933410644531,
                    "z": 29.45376586914062
                }
            }
        ]
    },
    {
        "doorCoords": {
            "y": -1588.9593505859376,
            "x": 368.90185546875,
            "z": 29.49435806274414
        },
        "_type": "normal",
        "_textCoords": {
            "y": -1588.3692626953126,
            "x": 369.4952087402344,
            "z": 29.64246940612793
        },
        "item": "",
        "usePin": false,
        "dist": 2,
        "pin": "",
        "_heading": 230.0000152587891,
        "jobs": [
            "police"
        ],
        "useitem": false,
        "_doorModel": 749848321
    },
    {
        "doorCoords": {
            "y": -1596.9876708984376,
            "x": 364.3426208496094,
            "z": 29.49138832092285
        },
        "_type": "normal",
        "_textCoords": {
            "y": -1596.94677734375,
            "x": 364.2086486816406,
            "z": 29.85543823242187
        },
        "_doorModel": 749848321,
        "usePin": false,
        "dist": 2,
        "pin": "",
        "_heading": 320.0,
        "jobs": [
            "police"
        ],
        "useitem": false,
        "item": ""
    },
    {
        "doorCoords": {
            "y": -1595.5230712890626,
            "x": 360.0421447753906,
            "z": 29.48334693908691
        },
        "_type": "normal",
        "_textCoords": {
            "y": -1596.1226806640626,
            "x": 359.6105041503906,
            "z": 29.55840873718261
        },
        "_doorModel": 749848321,
        "usePin": false,
        "dist": 2,
        "pin": "",
        "_heading": 49.99998474121094,
        "jobs": [
            "police"
        ],
        "useitem": false,
        "item": ""
    },
    {
        "doorCoords": {
            "y": -1595.5230712890626,
            "x": 360.0421447753906,
            "z": 29.48334693908691
        },
        "_type": "normal",
        "_textCoords": {
            "y": -1595.91064453125,
            "x": 359.7884826660156,
            "z": 29.31165885925293
        },
        "item": "",
        "usePin": false,
        "dist": 2,
        "pin": "",
        "_heading": 49.99998474121094,
        "jobs": [
            "police"
        ],
        "useitem": false,
        "_doorModel": 749848321
    },
    {
        "doorCoords": {
            "y": -1599.0926513671876,
            "x": 357.14886474609377,
            "z": 29.47779083251953
        },
        "_type": "normal",
        "_textCoords": {
            "y": -1599.248779296875,
            "x": 357.13525390625,
            "z": 29.20202827453613
        },
        "_doorModel": 871712474,
        "usePin": false,
        "dist": 2,
        "pin": "",
        "_heading": 50.00002670288086,
        "jobs": [
            "police"
        ],
        "useitem": false,
        "item": ""
    },
    {
        "doorCoords": {
            "y": -1602.313720703125,
            "x": 354.4460754394531,
            "z": 29.47779083251953
        },
        "_type": "normal",
        "_textCoords": {
            "y": -1602.4276123046876,
            "x": 354.46795654296877,
            "z": 29.78499794006347
        },
        "item": "",
        "usePin": false,
        "dist": 2,
        "pin": "",
        "_heading": 50.00002670288086,
        "jobs": [
            "police"
        ],
        "useitem": false,
        "_doorModel": 871712474
    },
    {
        "doorCoords": {
            "y": -1605.3450927734376,
            "x": 351.9024047851563,
            "z": 29.47779083251953
        },
        "_type": "normal",
        "_textCoords": {
            "y": -1606.00048828125,
            "x": 351.4698791503906,
            "z": 29.66521453857422
        },
        "_doorModel": 871712474,
        "usePin": false,
        "dist": 2,
        "pin": "",
        "_heading": 50.00002670288086,
        "jobs": [
            "police"
        ],
        "useitem": false,
        "item": ""
    },
    {
        "pin": "",
        "_type": "double",
        "_textCoords": {
            "y": -1607.5548095703126,
            "x": 368.8406982421875,
            "z": 29.43117713928222
        },
        "usePin": false,
        "jobs": [
            "police"
        ],
        "dist": 2,
        "_doorsDouble": [
            {
                "heading": 230.24435424804688,
                "model": -2023754432,
                "coords": {
                    "y": -1606.2369384765626,
                    "x": 369.8933410644531,
                    "z": 29.45376586914062
                }
            },
            {
                "heading": 50.4803466796875,
                "model": -2023754432,
                "coords": {
                    "y": -1608.22314453125,
                    "x": 368.2267456054688,
                    "z": 29.45376586914062
                }
            }
        ]
    },
    {
        "pin": "",
        "_type": "double",
        "_textCoords": {
            "y": -1584.9830322265626,
            "x": 361.3930969238281,
            "z": 29.59682846069336
        },
        "usePin": false,
        "jobs": [
            "police"
        ],
        "dist": 2,
        "_doorsDouble": [
            {
                "heading": 229.615478515625,
                "model": -1215222675,
                "coords": {
                    "y": -1583.9815673828126,
                    "x": 362.2740783691406,
                    "z": 29.48344993591308
                }
            },
            {
                "heading": 230.0,
                "model": 320433149,
                "coords": {
                    "y": -1585.974853515625,
                    "x": 360.60150146484377,
                    "z": 29.48810195922851
                }
            }
        ]
    },
    {
        "doorCoords": {
            "x": 371.97808837890627,
            "y": -1598.4896240234376,
            "z": 29.4461555480957
        },
        "_type": "normal",
        "_textCoords": {
            "x": 371.2223815917969,
            "y": -1597.7978515625,
            "z": 29.5710277557373
        },
        "item": "",
        "usePin": true,
        "dist": 2,
        "pin": 1997,
        "_heading": 320.0,
        "jobs": [],
        "useitem": false,
        "_doorModel": -131296141
    }
]